[1,Roasted Okra Chips from 'Mastering the Art of Southern Cooking',https://www.edamam.com/web-img/258/258a4efab88dce66f7fe1ba7cdaf4d71.jpg,http://www.seriouseats.com/recipes/2013/06/roasted-okra-chips-from-mastering-the-art-of-southern-cooking.html,http://www.edamam.com/recipe/roasted-okra-chips-from-mastering-the-art-of-southern-cooking-a5306563833d2dc47dce23b814833124/stew+veggie,"{""20 okra (about 3 cups, sliced vertically or horizontally)"",""2 tablespoon oil, cook’s preference"",""1/2 teaspoon salt"",""1/2 teaspoon pepper""}",2,165,9,2,4,14,363,73,309,"{Low-Carb,Sugar-Conscious,Vegan,Vegetarian,Peanut-Free,Tree-Nut-Free,Alcohol-Free}"],
[2,Anything Goes Veggie Roast,https://www.edamam.com/web-img/1dc/1dc20e36a4267c6ce1ccf5c169313190.jpg,http://ohsheglows.com/2010/07/25/the-day-of-fun/,http://www.edamam.com/recipe/anything-goes-veggie-roast-8430c0479e2cd5b88418ab3372f110de/okra+veggie,"{""4 carrots"",""1 yellow squash"",""1 zucchini"",""2 cups Okra"",""1 cup Sugar Snap Peas"",""4 potatoes"",""3 Swiss Chard leaves"",""3 Jalapenos (kept on the side as Eric doesn’t like them)"",""3/4 tsp Kosher sea salt"",""1/2 tsp Herbamare"",""2 tbsp cold-pressed sunflower oil"",""Freshly ground black pepper, to taste""}",6,228,43,6,8,5,1318,177,331,"{Vegan,Vegetarian,Peanut-Free,Tree-Nut-Free,Alcohol-Free}"],
[3,Paleo Chuck Roast And Veggie Stew,https://www.edamam.com/web-img/47e/47e6e6c59a3ee01fe69638bf17833a3b.jpg,http://www.myrecipes.com/recipe/paleo-chuck-roast-and-veggie-stew-184867/,http://www.edamam.com/recipe/paleo-chuck-roast-and-veggie-stew-5b9d9854304b98c88c0f2157a61fb453/okra+veggie,"{""1 whole(s) Onion coarsely chopped"",""1 cup(s) Organic Kale torn"",""32 ounce(s) Organic Beef Broth (I box)"",""1/2 Cauliflower Head chopped"",""5 whole(s) Organic Okra diced"",""4 whole(s) Organic Carrots chopped"",""4 stick(s) Organic Celery chopped"",""1/2 head(s) Savoy Cabbage chopped"",""4 stalk(s) Organic Rainbow Kale Stems chopped"",""1 Bayleaf"",""3 pound(s) Organic Chuck Roast"",""1/4 cup(s) Thyme chopped""}",10,231,9,33,3,8,1057,397,327,"{High-Protein,Low-Carb,Sugar-Conscious,Peanut-Free,Tree-Nut-Free,Alcohol-Free}"],
4,Egg Nests,https://www.edamam.com/web-img/e9d/e9de74b322caae3a4bbb25fde3f1ce4b.jpg,http://www.simplyrecipes.com/recipes/egg_nests/,http://www.edamam.com/recipe/egg-nests-468da4d5a0243c5f3f8abde5de6acc00/egg,"{""2 eggs"",""1/8 teaspoon Kosher salt (a pinch of salt per egg)"",""1/4 cup grated Gruyere cheese""}",2,130,0,10,0,9,73,185,179,"{Low-Carb,Sugar-Conscious,Vegetarian,Peanut-Free,Tree-Nut-Free,Alcohol-Free}"
5,Egg Salad,https://www.edamam.com/web-img/02f/02f0b9c7cfe835a64766ba9c63423ac4.jpg,http://notwithoutsalt.com/an-egg-story/,http://www.edamam.com/recipe/egg-salad-d8e3b8a678a599986df8b35e774a9019/egg,"{""6 Hard Boiled Eggs"",""1 celery stalk, finely diced (optional)"",""2 small green onions, finely chopped"",""3 tbsp Mayonnaise"",""salt and pepper to taste""}",4,170,1,8,0,15,85,104,171,"{Low-Carb,Sugar-Conscious,Vegetarian,Peanut-Free,Tree-Nut-Free,Alcohol-Free}"
6,Coconut Rice,https://www.edamam.com/web-img/6fe/6fe5d943de92d453937a95ff1c0e7d89.jpg,http://herbivoracious.com/2009/03/coconut-rice-recipe.html,http://www.edamam.com/recipe/coconut-rice-94adbfbf33e5356ef92edf8d7c32b3a2/rice,"{""1.5 cups jasmine or basmati rice"",""1 14 oz. can coconut milk"",""3/4 cup unsweetened dried shredded coconut"",""1 teaspoon salt""}",4,554,62,8,3,32,385,208,429,"{Sugar-Conscious,Vegan,Vegetarian,Peanut-Free,Tree-Nut-Free,Alcohol-Free,Tree-Nuts}"
7,Basic Steamed Wild Rice Recipe,https://www.edamam.com/web-img/664/664bebd0c01164577d257d11580158a1.jpg,http://www.chowhound.com/recipes/basic-steamed-wild-rice-29465,http://www.edamam.com/recipe/basic-steamed-wild-rice-recipe-450ddda1a36ffc3a27e181e5e6674ac8/rice,"{""2 cups wild rice"",""4 cups water""}",4,286,60,12,5,1,342,346,15,"{Low-Fat,Sugar-Conscious,Vegan,Vegetarian,Peanut-Free,Tree-Nut-Free,Alcohol-Free}"
8,Rice And Beans,https://www.edamam.com/web-img/472/4721f3dfbacfbb0871a6b8256598357c.jpg,http://www.epicurious.com/recipes/food/views/Rice-and-Beans-242052,http://www.edamam.com/recipe/rice-and-beans-5d0100215bed308cdb06679d4fd9b27e/rice,"{""1 tablespoon olive oil"",""1 medium onion, peeled and chopped"",""1 medium green bell pepper, seeded and chopped"",""2 garlic cloves, thinly sliced"",""1/2 teaspoon kosher salt"",""1 14-ounce box boil-in-bag rice, uncooked"",""1 14-ounce can red kidney beans, drained and rinsed"",""Freshly ground black pepper to taste""}",6,354,70,10,4,3,313,163,312,"{Low-Fat,Sugar-Conscious,Vegan,Vegetarian,Peanut-Free,Tree-Nut-Free,Alcohol-Free}"
9,Rice Stuffed Peppers,https://www.edamam.com/web-img/ef3/ef3dfac27f004b1beae00e44c786aedc.jpg,http://honestcooking.com/rice-stuffed-peppers-recipe/,http://www.edamam.com/recipe/rice-stuffed-peppers-c27008371f776f0dc5d6741d4e3055f6/rice,"{""4 green bell peppers"",""8oz jarlsberg dip with red onion"",""1-1/2 cup instant rice"",""10 oz diced fire roasted tomatoes, drained"",""3 sweet italian-style turkey sausages"",""Fresh ground black pepper""}",4,391,72,15,4,4,643,213,264,"{Low-Fat,Peanut-Free,Tree-Nut-Free,Alcohol-Free}"
10,Purple Jasmine Coconut Rice Recipe,https://www.edamam.com/web-img/043/043c5a53d52c861b9cf7752faca9db7b.jpg,http://www.101cookbooks.com/archives/001507.html,http://www.edamam.com/recipe/purple-jasmine-coconut-rice-recipe-f0d0bfb672bd9dfd291474708f29a756/rice,"{""2 cups purple jasmine rice (or substitute white jasmine rice)"",""1 cup unsweetened coconut milk (don't use lite)"",""1 1/2 cups water"",""1 teaspoon fine grain sea salt"",""4 medium shallots, thinly sliced"",""1/4 cup unsalted butter"",""A handful of cashews, chopped and toasted""}",5,506,70,9,3,22,385,194,485,"{Vegetarian,Peanut-Free,Alcohol-Free,Tree-Nuts}"
11,Japanese Salmon & Avocado Rice,https://www.edamam.com/web-img/ef3/ef3ebccba0f2de0115780654a3ade20d.jpg,http://www.bbcgoodfood.com/recipes/11617/,http://www.edamam.com/recipe/japanese-salmon-avocado-rice-27f32783d8053e1942996b9c8c46596f/rice,"{""1 red chilli , deseeded and thinly sliced"",""300.0g sushi rice"",""2 spring onions , thinly sliced"",""350.0g skinless salmon fillets"",""2 small, ripe avocados , sliced"",""juice 1 lemon"",""small handful coriander leaves"",""4 tsp toasted sesame seeds"",""4 tsp light soy sauce""}",4,644,72,26,8,29,982,380,225,"{Balanced,Sugar-Conscious,Peanut-Free,Tree-Nut-Free,Alcohol-Free}"
12,Dirty Rice,https://www.edamam.com/web-img/9ab/9ab3a4269eb7a5390479b1412ab05672.jpg,http://www.simplyrecipes.com/recipes/dirty_rice/,http://www.edamam.com/recipe/dirty-rice-2d3a81b3a9133736bcca125e1f7c242e/rice,"{""1 1/2 cup long-grain rice (Carolina, basmati, jasmine, etc)"",""2 cups chicken broth"",""2 cups water"",""3 Tbsp olive oil"",""1/2 pound ground pork"",""1/2 cup chicken livers"",""3 slices of bacon, chopped"",""1/2 onion, chopped"",""2 celery stalks, chopped"",""1/2 green bell pepper or 1-3 jalapeños, seeded and chopped"",""1 Tbsp Cajun seasoning"",""2 green onions, chopped""}",4,674,64,26,2,34,604,342,389,"{Sugar-Conscious,Peanut-Free,Tree-Nut-Free,Alcohol-Free}"
13,Vegetable Samosas,https://www.edamam.com/web-img/325/3259ff6690ee3ed44cd46562a85f9776.jpg,http://www.cookstr.com/recipes/vegetable-samosas,http://www.edamam.com/recipe/vegetable-samosas-760987395b48e87fa167522aab479eaa/vegetable,"{""½ tsp salt"",""2½ cups all-purpose flour , plus more for rolling the dough"",""6 tbsp vegetable oil , plus more for deep-frying"",""1 cup warm water , as needed""}",16,118,15,2,1,5,21,21,74,"{Sugar-Conscious,Vegan,Vegetarian,Peanut-Free,Tree-Nut-Free,Alcohol-Free}"
14,Pan-Fried Vegetable Dumplings Recipe,https://www.edamam.com/web-img/6e9/6e9f2bb5f8f41e5db5f301a4ef28ddf4.jpg,http://www.seriouseats.com/recipes/2014/03/pan-fried-vegetable-dumplings-recipe.html?ref=title,http://www.edamam.com/recipe/pan-fried-vegetable-dumplings-recipe-c38ee7241534d27a918cbebe7b1e7a1a/vegetable,"{""For the Filling:"",""1/2 cup finely diced carrot"",""1/2 cup finely diced five spice tofu"",""1/2 cup finely diced seitan"",""1/4 ounce dried wood ear mushrooms, rehydrated and finely diced (about 1/4 cup)"",""1 cup finely diced cabbage"",""2 tablespoons minced garlic"",""1 tablespoon minced scallion whites"",""1/2 teapsoon sugar"",""2 teaspoons sesame oil"",""2 teaspoons soy sauce"",""1/2 teaspoon white pepper powder"",""1/4 teaspoon salt"",""2 teaspoons cornstarch"",""24 packaged dumpling skins (keep tightly wrapped until ready to use)"",""1 tablespoon vegetable oil"",""For the Dipping Sauce:"",""1 teaspoon sesame oil"",""4 teaspoons light soy sauce"",""2 teaspoons rice vinegar"",""1 scallion, sliced""}",24,120,20,5,1,2,61,38,258,"{Low-Fat,Sugar-Conscious,Vegetarian,Peanut-Free,Tree-Nut-Free,Alcohol-Free,Gluten,Wheat}"
15,Pickled Vegetable Sandwich Slaw recipes,https://www.edamam.com/web-img/5e3/5e373b97c88c6f7329b5d08c2e7a6a2a,https://smittenkitchen.com/2013/06/pickled-vegetable-sandwich-slaw/,http://www.edamam.com/recipe/pickled-vegetable-sandwich-slaw-recipes-59bb36c14ac3d69191a1478a19ace595/vegetable,"{""1 cup distilled white vinegar"",""4 tablespoons sugar"",""2 tablespoons Kosher salt"",""2 tablespoons yellow mustard seeds"",""1 cup cold water""}",4,75,14,1,0,1,25,28,313,"{Low-Fat,Vegan,Vegetarian,Peanut-Free,Tree-Nut-Free,Alcohol-Free}"
16,Vegetable Crackers,https://www.edamam.com/web-img/be7/be747abe536bacdb91496a4fb9f9b36e.jpg,http://www.foodista.com/recipe/6HQ7MHQL/vegetable-crackers,http://www.edamam.com/recipe/vegetable-crackers-3732a0a170a3d63a5c91d2a67f47f2fa/vegetable,"{""2 cups Flour"",""1 tablespoon Oil"",""cup Dried vegetable flakes"",""cup Sugar"",""1 teaspoon Salt"",""teaspoon Baking soda"",""cup Shortening, room temp"",""2 teaspoons Mixed herbs (parsley, chives, 1 teaspoon Celery salt"",""cup Warm water""}",16,231,25,2,1,14,30,21,146,"{Vegan,Vegetarian,Peanut-Free,Tree-Nut-Free,Alcohol-Free,Soy}"
17,Vegetable Summer Rolls recipes,https://www.edamam.com/web-img/4fd/4fd9a4d50968ff07601b1a4ae68c8be9,http://www.epicurious.com/recipes/food/views/Vegetable-Summer-Rolls-105012,http://www.edamam.com/recipe/vegetable-summer-rolls-recipes-8d815394876dd931acf4baef9d9a4c3b/vegetable,"{""3 tablespoons finely chopped onion"",""1 small garlic clove, minced"",""3/4 teaspoon dried hot red pepper flakes"",""1 teaspoon vegetable oil"",""3 tablespoons water"",""1 tablespoon creamy peanut butter"",""1 tablespoon hoisin sauce"",""1 teaspoon tomato paste"",""3/4 teaspoon sugar"",""1 ounce bean thread noodles (cellophane noodles)"",""1 tablespoon seasoned rice vinegar"",""4 (8-inch) rice-paper rounds, plus additional in case some tear"",""2 red-leaf lettuce leaves, ribs cut out and discarded and leaves halved"",""1/4 cup fresh mint leaves"",""1/4 cup fresh basil leaves (preferably Thai)"",""1/2 cup thinly sliced Napa cabbage"",""1/4 cup fresh cilantro leaves"",""1/3 cup coarsely shredded carrot (1 medium)""}",4,121,21,2,2,4,156,34,108,"{Sugar-Conscious,Tree-Nut-Free,Alcohol-Free}"
18,Vegetable Dolmades recipes,https://www.edamam.com/web-img/fed/fed4e5441dbc7d5e5efe6c88d85d1569,http://www.marthastewart.com/338885/vegetable-dolmades,http://www.edamam.com/recipe/vegetable-dolmades-recipes-969496371d44f1e8961a61bac842526c/vegetable,"{""1/4 cup dried currants"",""1/4 cup plus 1/2 teaspoon olive oil"",""1 1/4 cups finely chopped white onion"",""freshly ground pepper"",""coarse salt"",""1 clove garlic, minced"",""1/4 cup pine nuts"",""1/4 cup sliced almonds"",""1 1/2 cups finely chopped yellow bell pepper"",""1/4 teaspoon ground cinnamon"",""1 1/2 cups short-grain white rice such as Arborio"",""5 cups homemade or low-sodium, canned store-bought vegetable stock"",""1 1/4 cups finely chopped, seeded plum tomatoes"",""1/3 cup chopped fresh mint"",""1/3 cup chopped fresh flat-leaf parsley leaves"",""5 tablespoons freshly squeezed lemon juice"",""32 brine-packed California grape leaves, stems removed, plus about another 14 to line baking dish, rinsed and well drained"",""garlic sauce""}",32,73,11,1,1,3,83,30,168,"{Sugar-Conscious,Vegan,Vegetarian,Peanut-Free,Alcohol-Free}"
19,Vegetable Balti,https://www.edamam.com/web-img/7f6/7f675580a4afa27c5c0701b1714e05df.jpg,http://www.bbcgoodfood.com/recipes/1374/,http://www.edamam.com/recipe/vegetable-balti-d0392543fa743802e1c286fb70273a91/vegetable,"{""4.0 tbsp chopped coriander , plus extra to serve"",""150 g pot low-fat natural yogurt"",""400.0g can chopped tomatoes"",""1 eating apple , peeled, cored and chopped into chunks"",""425.0ml hot vegetable stock"",""1 medium butternut squash , peeled and cut into chunks"",""2 large carrots , thickly sliced"",""3.0 tbsp balti curry paste (we used Patak's)"",""1 medium cauliflower , weighing about 500g/1lb 2oz, broken into florets"",""1 large garlic clove , crushed"",""1 large onion , thickly sliced"",""1.0 tbsp vegetable oil"",""200.0g turnips , cut into chunks""}",4,262,49,9,14,7,1566,236,321,"{Balanced,Peanut-Free,Tree-Nut-Free,Alcohol-Free}"
20,Vegetable Curry,https://www.edamam.com/web-img/916/916871e9b23cb0e0de871621e6553f04.jpg,http://honestcooking.com/how-to-make-vegetable-curry/,http://www.edamam.com/recipe/vegetable-curry-5320bc370be0aee41fac6e3e9fa9b841/vegetable,"{""150g broccoli"",""150g cauliflower"",""100g carrot"",""100g long beans"",""200g pumpkin"",""1 onion"",""Few cherry tomatoes"",""1 tbsp garlic, chopped"",""1½ tbsp curry powder"",""1½ cup vegetable stock"",""200ml coconut milk"",""2 fresh chillies"",""¾ tsp salt and ½ tsp sugar, or to taste""}",2,365,41,10,11,22,1594,317,1007,"{Vegan,Vegetarian,Peanut-Free,Tree-Nut-Free,Alcohol-Free,Tree-Nuts}"
21,Japanese Vegetable Pancakes recipes,https://www.edamam.com/web-img/095/0956f1dba0c001333a4021df00389eab,https://smittenkitchen.com/2013/05/japanese-cabbage-and-vegetable-pancakes/,http://www.edamam.com/recipe/japanese-vegetable-pancakes-recipes-1bd8b554db3d1dbe01d99ae69ba92046/vegetable,"{""1/2 small head cabbage, very thinly sliced (1 pound or 5 to 6 cups shreds) which will be easiest on a mandoline if you have one"",""4 medium carrots, peeled into ribbons with a vegetable peeler"",""5 lacinato kale leaves, ribs removed, leaves cut into thin ribbons"",""4 scallions, thinly sliced on an angle"",""1 teaspoon kosher salt"",""1/2 cup all-purpose flour"",""6 large eggs, lightly beaten"",canola,""safflower oil"",""1/4 cup ketchup"",""1 1/2 tablespoons Worcestershire sauce (note: this is not vegetarian)"",""1/4 teaspoon dijon mustard"",""1 tablespoon rice cooking wine or sake"",""1 teaspoon soy sauce"",""1 tablespoon honey (use 2 if you like a sweeter sauce)"",""1/8 teaspoon ground ginger""}",2,692,74,29,11,33,1470,499,1495,"{Balanced,Peanut-Free,Tree-Nut-Free,Alcohol-Free}"
22,Good vegetable soup,https://www.edamam.com/web-img/958/9585f2cffbd9780a9fa7208698883d7c.jpg,http://www.bbc.co.uk/food/recipes/goodvegetablesoup_73412,http://www.edamam.com/recipe/good-vegetable-soup-e417df8041d0947991b32019b59faabd/vegetable,"{""2 tbsp olive or sunflower oil, or 30g/1oz butter"",""1 onion, peeled and chopped"",""1 garlic clove, peeled and chopped"",""1 bouquet garni"",""And/or 1-2 fresh red chillies, de-seeded and chopped"",""Or 1 tsp or more curry paste or curry powder or spices, e.g. cumin, fennel seeds, cinnamon, etc"",""1 potato, or other thickener if needed, peeled and cut into chunks"",""500g/18oz vegetables, prepared as appropriate and roughly chopped"",""1-1.5 litres/1¾-2¾ pints) vegetable or chicken stock, or vegetable cooking water, or a mixture of water and milk"",Salt,""Freshly ground black pepper""}",4,217,32,6,8,8,617,125,1276,"{Balanced,Sugar-Conscious,Peanut-Free,Tree-Nut-Free,Alcohol-Free}"
23,Summer Vegetable Soup,https://www.edamam.com/web-img/618/618c59e50f746603475e56e65b58aef8.jpg,http://www.saveur.com/article/Recipes/Summer-Vegetable-Soup,http://www.edamam.com/recipe/summer-vegetable-soup-d819da3f119ef42febbc29b8f92888bf/vegetable,"{""6 cups simple vegetable stock"",""1 large carrot, peeled, trimmed, and diced"",""1⁄4 lb. green beans, trimmed and cut into 1\"" pieces"",""1 small bulb fennel, trimmed and thinly sliced, tops reserved for garnish"",""6 small red or white new potatoes, sliced"",""2 small yellow or green summer squash, diced"",""Salt and freshly ground black pepper"",""4 small sprigs fresh parsley"",""4 small sprigs fresh chervil""}",4,115,26,4,5,1,833,116,1362,"{Low-Fat,Vegan,Vegetarian,Peanut-Free,Tree-Nut-Free,Alcohol-Free}"
24,Vegetable Lasagna,https://www.edamam.com/web-img/7fc/7fc8e86f73d5b956889862dd6ab9bc87.jpeg,http://www.kitchendaily.com/recipe/vegetable-lasagna,http://www.edamam.com/recipe/vegetable-lasagna-4f8f3ec9f4217a501298816e89ada030/vegetable,"{""2 can (10 3/4 ounces each) Campbell's® Condensed Cream of Broccoli Soup (Regular or 98% Fat Free)"",""1 ½ cup milk"",""vegetable cooking spray"",""1 Tbsp butter"",""3 ¾ cup sliced mushrooms (about 10 ounces)"",""2 medium red or orange pepper, cut into 2-inch-long thin strips (about 3 cups)"",""2 medium zucchini, thinly sliced (about 3 cups)"",""1 medium onion, thinly sliced (about 1/2 cup)"",""12 uncooked no-boil lasagna noodle"",""2 cup shredded Monterey jack cheese (about 8 ounces)""}",8,344,42,16,4,13,599,313,364,"{Balanced,Vegetarian,Peanut-Free,Tree-Nut-Free,Alcohol-Free}"
25,Vegetable Rundown,https://www.edamam.com/web-img/37a/37a19479575d2c946731616f886b0dce.jpg,http://www.bonappetit.com/recipes/2006/05/vegetable_rundown,http://www.edamam.com/recipe/vegetable-rundown-fd8634086916b207d55dba7e8a0b9d2f/vegetable,"{""1 medium eggplant (1 to 1 1/4 pounds), unpeeled, cut into 1-inch pieces"",""1 teaspoon salt"",""1 tablespoon vegetable oil"",""2 cups chopped onions"",""3/4 cup chopped green onions, divided"",""3 large fresh thyme sprigs"",""2 garlic cloves, chopped"",""1 teaspoon ground allspice"",""1/2 Scotch bonnet chile or habanero chile, seeded, minced (1/2 teaspoon)"",""1 13 1/2- to 14-ounce can unsweetened coconut milk"",""1 14-ounce red-skinned sweet potato (yam), peeled, cut into 3/4-inch pieces"",""2 carrots, peeled, coarsely chopped"",""1 green bell pepper, coarsely chopped"",""1 cup (or more) water"",""4 cups coarsely chopped green cabbage (from about 1/4 large head)"",""2 cups fresh corn kernels (from 2 ears of corn) or 2 cups frozen corn kernels"",""8 fresh okra pods, trimmed (optional)""}",4,488,61,10,13,26,1385,295,686,"{Vegan,Vegetarian,Peanut-Free,Tree-Nut-Free,Alcohol-Free,Tree-Nuts}"
26,Vegetable Muffuletta,https://www.edamam.com/web-img/549/54978ca27f8679daa6bc523f76b64a6f.jpg,https://food52.com/recipes/13848-vegetable-muffuletta,http://www.edamam.com/recipe/vegetable-muffuletta-8197a61942783c44cf5bc7e875d7a343/vegetable,"{""1 12\"" round loaf of bread, or two 8\"" round loaves (italian, sourdough, whole wheat, etc.)"",""2 pounds mushrooms, sliced"",""2 carrots, cut into ribbons with a vegetable peeler"",""8 ounces spinach leaves, rinsed and dried"",""1/2 cup olive oil"",""1 cup pitted green olives, chopped fine"",""1/2 cup pitted black olives, chopped fine"",""1 can artichoke hearts, drained and chopped fine"",""1/2 cup parsley, chopped fine"",""3 tablespoons thyme, chopped fine"",""2 tablespoons oregano, chopped fine"",""1 lemon, juice and zest"",""Salt and pepper, to taste"",""Celery root remoulade (recipe below)"",""1 cup mayonnaise (or vegenaise)"",""1 cup celery root, shredded"",""3 stalks celery, minced"",""3 green onions, minced"",""1/4 cup prepared mustard"",""3 cloves garlic, minced"",""2 tablespoons capers, drained and chopped"",""2 tablespoons paprika"",""1 tablespoon prepared horseradish"",""Salt and pepper to taste""}",8,558,40,12,9,42,947,250,924,"{Vegetarian,Peanut-Free,Tree-Nut-Free,Alcohol-Free}"
27,Bread Machine Rye Bread,https://www.edamam.com/web-img/b39/b39cdd50563daaa0889525c9acb3ba5a.JPG,http://www.seriouseats.com/recipes/2011/12/bread-machine-rye-bread.html,http://www.edamam.com/recipe/bread-machine-rye-bread-30b7ac879ef4b8850706404da0d2bbd8/bread,"{""1 teaspoon instant yeast"",""4 1/2 ounces (about 1 cup) bread flour"",""4 1/2 ounces (about 1 cup) white whole wheat flour"",""4 1/2 ounces (about 1 cup) rye flour"",""1 tablespoon wheat gluten"",""1 teaspoon salt"",""2 tablespoons sugar"",""1 tablespoon caraway seeds"",""1 1/2 cups cool water""}",6,250,52,9,6,1,201,158,303,"{Low-Fat,Vegan,Vegetarian,Peanut-Free,Tree-Nut-Free,Alcohol-Free}"
28,Multigrain Bread,https://www.edamam.com/web-img/eef/eefab7a91bef58e921c8d354a156b4ac.jpg,http://ruhlman.com/2011/01/multigrain-bread/,http://www.edamam.com/recipe/multigrain-bread-d35d72ac13c66d1fa422fcdddfd21cbd/bread,"{""8 ounces/240 grams bread flour"",""4 ounces/120 grams whole wheat flour"",""3 ounces/90 grams rolled oats"",""3 ounces/90 grams corn grits"",""2 ounces/60 grams buckwheat flour"",""1 ounce/30 grams flax seeds"",""12 ounces/340 grams water"",""2 teaspoons/10 grams kosher salt"",""1 teaspoon/3 grams active dry yeast (if you need a fast rise, you can double this)"",""sunflour seeds, more rolled oats, pumpkin seeds, as needed for garnish""}",8,273,53,9,5,3,206,188,273,"{Low-Fat,Sugar-Conscious,Vegan,Vegetarian,Peanut-Free,Tree-Nut-Free,Alcohol-Free}"
30,Vegetable tartlets,https://www.edamam.com/web-img/803/80348ed69d4df3bebc714f2b8f031379.jpg,http://www.jamieoliver.com/recipes/vegetables-recipes/vegetable-tartlets/,http://www.edamam.com/recipe/vegetable-tartlets-745ebf62b0ab4ae8976e7d01c7d579a6/vegetable,"{""1 x 500 g block of ready-made puff pastry"",""plain flour , for dusting"",""4 teaspoons pesto"",""1 handful of mixed, ripe cherry tomatoes"",""8 asparagus spears"",""4 baby courgettes"",""2-3 jarred roasted peppers"",""½ a bunch of fresh basil"",""olive oil"",""8 black olives , optional"",""1 x 100 g ball mozzarella"",""20 g Parmesan cheese , optional""}",4,890,65,18,4,63,438,231,583,"{Vegetarian,Peanut-Free,Alcohol-Free}"
31,Braised Winter Vegetable Pasta,https://www.edamam.com/web-img/926/926f331f8db9fb37050bed62225822b7.JPG,http://www.eatingwell.com/recipe/250156/braised-winter-vegetable-pasta,http://www.edamam.com/recipe/braised-winter-vegetable-pasta-271f8de8daa40f8d3608f83d7cc3e138/vegetable,"{""2 tablespoons extra-virgin olive oil"",""1 small onion, diced"",""4 cloves garlic, minced"",""1 tablespoon finely chopped fresh sage or 1 teaspoon dried rubbed"",""4 cups vegetable broth"",""1 cup dry white wine"",""8 ounces whole-wheat medium pasta shells or other small pasta"",""2 cups bite-size cauliflower florets"",""2 cups bite-size butternut squash cubes"",""1/4 teaspoon salt"",""Freshly ground pepper to taste"",""1 10-ounce bag frozen lima beans, thawed""}",4,449,74,15,9,9,982,273,213,"{Vegan,Vegetarian,Peanut-Free,Tree-Nut-Free}"
32,Pasta Puttanesca,https://www.edamam.com/web-img/24a/24a6d026cb787e1ae38534a7661e29d2.jpg,http://leitesculinaria.com/45581/recipes-pasta-puttanesca.html,http://www.edamam.com/recipe/pasta-puttanesca-86ff24db234446dd12a6261a6d1e077e/pasta,"{""6 tablespoons olive oil"",""2 cloves garlic, peeled and chopped"",""1 fresh red chile, seeded and chopped"",""Two 14 1/2 ounce cans chopped tomatoes, drained"",""8 anchovy fillets"",""1 teaspoon light brown sugar (optional)"",""1 cup black olives, pitted and chopped if desired"",""12 to 16 ounces penne, preferably spelt pasta (spelt has a lovely light texture and nutty flavor, not to mention a healthful wholesomeness)"",""4 heaping tablespoons chopped fresh parsley (you could slip basil in place of parsley if you prefer)""}",4,639,85,18,8,26,723,253,760,"{Balanced,Peanut-Free,Tree-Nut-Free,Alcohol-Free}"
33,Mushroom Marsala Pasta With Artichokes,https://www.edamam.com/web-img/0ba/0bade5ee8d319b1a4bd8b88eae47a393.jpg,http://smittenkitchen.com/2009/12/mushroom-marsala-pasta-with-artichokes/,http://www.edamam.com/recipe/mushroom-marsala-pasta-with-artichokes-8551a35879e92bfb0974b3236f489e17/pasta,"{""3 tablespoons olive oil"",""1 small onion, finely chopped"",""1 pound mushrooms, trimmed, cleaned and chopped into small bits (I used creminis)"",""1 teaspoon kosher salt, plus 1 tablespoon for pasta water"",""1 cup dry Marsala wine"",""1 pound pasta, Giada recommends thimble-shaped pasta, ditalini"",""1/2 lb frozen artichoke hearts, thawed"",""3/4 cup grated Parmesan"",""1/2 cup Cream"",""1/2 cup chopped fresh flat-leaf parsley"",""1 tsp freshly ground black pepper""}",6,538,67,19,6,19,666,367,665,"{Balanced,Vegetarian,Peanut-Free,Tree-Nut-Free}"
34,Ratatouille Pasta,https://www.edamam.com/web-img/6f6/6f66f881d31f832111d31b3b05c44994.jpg,https://www.chowhound.com/recipes/ratatouille-pasta-31477,http://www.edamam.com/recipe/ratatouille-pasta-2eee81164f949a2e4521c8501bb64ce0/pasta,"{""6 tablespoons extra-virgin olive oil"",""3 medium garlic cloves, sliced thin"",""1 cup canned whole tomatoes, cut into 1/2-inch strips, juice reserved"",""Kosher salt"",""Freshly ground black pepper"",""1 small yellow onion, small dice (about 3/4 cup)"",""2 1/2 teaspoons fresh thyme leaves"",""1 medium zucchini, small dice (about 1 1/2 cups)"",""1 medium yellow squash or golden zucchini, small dice (about 1 1/2 cups)"",""1 small eggplant, small dice (about 1 1/2 cups)"",""1 pound dried pasta, such as penne, cavatelli, or garganelli"",""Finely grated zest and juice from 1/2 a lemon"",""2 tablespoons fresh basil leaves, torn in small pieces"",""1 cup crumbled feta cheese""}",4,736,94,22,7,30,653,390,805,"{Balanced,Vegetarian,Peanut-Free,Tree-Nut-Free,Alcohol-Free}"
35,Pasta with Corn and Garlic,https://www.edamam.com/web-img/26c/26cc347878b11e95035f5b50b1725742.jpg,http://zesterdaily.com/cooking/corn-recipes/,http://www.edamam.com/recipe/pasta-with-corn-and-garlic-05a5b79820cc5e5a4563242a0f94b314/pasta,"{""2 ears corn, husks and silks removed, washed"",""5 garlic cloves, skins on"",""½ cup italian parsley, leaves only, washed, finely chopped"",""2 tablespoons sweet butter"",""2 tablespoons olive oil"",""1 teaspoon kosher salt, for the pasta water"",""1 box or pound pasta"",""1 cup pasta water"",""Sea salt and black pepper to taste"",""¼ cup freshly grated parmesan or romano cheese""}",4,617,97,20,5,17,466,335,599,"{Balanced,Vegetarian,Peanut-Free,Tree-Nut-Free,Alcohol-Free}"
36,Vitality Veggie Pasta,https://www.edamam.com/web-img/5fd/5fd8dcdba43f09f046a2dd4760573643.jpg,http://www.bbcgoodfood.com/recipes/1505/vitality-veggie-pasta,http://www.edamam.com/recipe/vitality-veggie-pasta-178bf62c6ccbc6691c20a3db340d6953/pasta,"{""1 small butternut squash , peeled, seeded and chopped into chunks"",""250.0g bag washed spinach"",""Grated parmesan and chilli flakes to serve, optional"",""4 large field mushrooms , sliced"",""2 tbsp olive oil"",""1 plump garlic clove , finely chopped"",""Small handful pine nuts"",""250.0g pack pappardelle pasta""}",4,382,59,12,5,12,860,225,58,"{Balanced,Vegetarian,Peanut-Free,Alcohol-Free}"
37,Asparagus Pesto with Pasta,https://www.edamam.com/web-img/3a0/3a0f2e627b5f45a9d4dd09629884efa7.jpg,http://www.simplyrecipes.com/recipes/asparagus_pesto_with_pasta/,http://www.edamam.com/recipe/asparagus-pesto-with-pasta-44a30ebd4a81019d8fd428fb30f4013e/pasta,"{""1 bunch asparagus spears (about 1 lb), trimmed of tough ends and halved crosswise"",""3 handfuls baby spinach leaves"",""2 cloves garlic, peeled"",""1 cup freshly grated Parmesan cheese, plus more for topping"",""1 cup pine nuts"",""1/4 cup extra-virgin olive oil, plus more for topping"",""Juice of 1/2 lemon"",""1/2 teaspoon fine-grain sea salt"",""8 ounces of dried pasta or 12 ounces fresh -linguini, fettuccine, spaghetti_x000d_
 Mix spinach pasta with regular wheat pasta for a medley of colors.""}",4,696,53,25,10,45,702,642,598,"{Vegetarian,Peanut-Free,Alcohol-Free}"
38,Bean and Pasta Soup recipes,https://www.edamam.com/web-img/eeb/eeb87186ff153e98e3f3758e4d4a508e,http://www.marthastewart.com/338794/bean-and-pasta-soup,http://www.edamam.com/recipe/bean-and-pasta-soup-recipes-a49a0d9ff76d76c003569f6c9a36a982/pasta,"{""1 strip (1 ounce) bacon, diced"",""1 medium onion, chopped"",""2 carrots, chopped"",""2 cloves garlic, minced"",""1/2 teaspoon dried rosemary"",""coarse salt"",""ground pepper"",""1 tablespoon tomato paste"",""2 cans (15 ounces each) beans, such as navy or cannellini, drained and rinsed"",""4 cups reduced-sodium canned chicken broth"",""3/4 cup tubetti, ditalini, or other short, tubular pasta"",""1/4 cup chopped fresh parsley""}",6,260,46,14,9,3,844,185,852,"{Low-Fat,Sugar-Conscious,Peanut-Free,Tree-Nut-Free,Alcohol-Free}"
39,Basil Beans,https://www.edamam.com/web-img/234/2349a9cd6a07843b7fa3aa5dc4c233f2.JPG,http://www.food52.com/recipes/5490_basil_beans,http://www.edamam.com/recipe/basil-beans-c78d3f9020fd7df5498ac3405a5bdacb/beans,"{""3 heads of garlic"",""5 large fresh basil leaves"",""2 cups extra virgin olive oil"",""1/2 pound yellow wax beans"",""1/2 tomato chopped"",""4 large fresh basil leaves chiffonade"",""3 tablespoons garlic basil confit oil"",""salt to taste"",""pepper to taste""}",14,322,5,1,1,34,91,24,153,"{Low-Carb,Sugar-Conscious,Vegan,Vegetarian,Peanut-Free,Tree-Nut-Free,Alcohol-Free}"
40,Warm Flat Beans Salad,https://www.edamam.com/web-img/a58/a58c2dc44bcd0b7214b67f5a013ae374.jpg,http://honestcooking.com/warm-flat-beans-salad/,http://www.edamam.com/recipe/warm-flat-beans-salad-8a9451ffde3521f323ba6323441b905b/beans,"{""A bunch of flat beans"",""1-2 tbsp oil"",""1 whole pod of garlic"",""1 tsp cumin seeds""}",2,122,6,1,1,11,120,33,5,"{Low-Carb,Sugar-Conscious,Vegan,Vegetarian,Peanut-Free,Tree-Nut-Free,Alcohol-Free}"
41,Wax Beans with Mint,https://www.edamam.com/web-img/396/396a6e1eacc51d2a3c49fa7432346990.jpg,http://www.simplyrecipes.com/recipes/wax_beans_with_mint/,http://www.edamam.com/recipe/wax-beans-with-mint-f70646d595b9789144ef72ec490fe7b5/beans,"{""1/2 pound wax beans"",""Several mint leaves"",""2 Tbsp extra virgin olive oil"",Salt}",3,103,5,1,3,9,159,29,197,"{Low-Carb,Sugar-Conscious,Vegan,Vegetarian,Peanut-Free,Tree-Nut-Free,Alcohol-Free}"
42,Roasted Red Pepper Labneh,https://www.edamam.com/web-img/d0d/d0dd5ac9a13851502101ee614b0c430a.jpg,http://www.bonappetit.com/recipe/roasted-red-pepper-labneh,http://www.edamam.com/recipe/roasted-red-pepper-labneh-6ff4a432ca5e0f3f921136f628f938a0/pepper,"{""1 whole roasted red pepper from a jar"",""1 teaspoon fresh lemon juice"",""½ teaspoon honey"",""2 cups labneh (Lebanese strained yogurt)"",""Kosher salt""}",4,133,7,11,0,8,32,3,382,"{Low-Carb,Vegetarian,Peanut-Free,Tree-Nut-Free,Alcohol-Free}"
43,Red Pepper Stacks recipes,https://www.edamam.com/web-img/784/784fc36e5cc6a793780c4dc65acf98e6,http://www.epicurious.com/recipes/food/views/Red-Pepper-Stacks-231169,http://www.edamam.com/recipe/red-pepper-stacks-recipes-771aaca54cdabf215cb2ad5019d6d57e/pepper,"{""About 10 slices pumpernickel bread"",""2 (12-oz) jars roasted red peppers, rinsed, drained, patted dry"",""1/2 cup almond slices, lightly toasted"",""1 (5.2-oz) package garlic-herb cheese such as Boursin, at room temperature"",""1 tablespoon finely chopped fresh parsley"",""1 teaspoon finely grated lemon zest"",""1/2 teaspooon black pepper""}",48,29,2,1,0,2,41,27,29,"{Sugar-Conscious,Vegetarian,Peanut-Free,Alcohol-Free}"
44,Roasted Red Pepper Dip,https://www.edamam.com/web-img/48f/48f1fe7b05d874e79d38906621ba4a96.jpeg,http://www.foodnetwork.com/recipes/ellie-krieger/roasted-red-pepper-dip-recipe-1917054,http://www.edamam.com/recipe/roasted-red-pepper-dip-f3a6613832668ed40d81d001179f52ce/pepper,"{""1/3 cup whole natural almonds"",""1 cup jarred roasted red peppers, drained"",""1 teaspoon red wine vinegar"",""1 tablespoon shallot"",""1 tablespoon olive oil"",""Salt and pepper""}",2,484,30,17,14,36,136,16,365,"{Low-Carb,Vegan,Vegetarian,Peanut-Free,Alcohol-Free}"
45,New York Sweet Cranberry Mustard recipes,https://www.edamam.com/web-img/2b5/2b5d81be1b6afd194a29425b8f8a9e43,http://www.foodrepublic.com/recipes/new-york-sweet-cranberry-mustard-recipe/,http://www.edamam.com/recipe/new-york-sweet-cranberry-mustard-recipes-1a1db1ed13c9b4f479464d539b76c3e0/pepper,"{""3/4 cup dried cranberries"",""2/3 cup apple juice or orange juice"",""2 cups fresh cranberries"",""3 tablespoons granulated sugar"",""1/4 cup honey"",""1 tablespoon olive oil"",""1 small red onion, finely chopped"",""1 tablespoon red wine vinegar"",""1 tablespoon grainy mustard"",""sea salt"",""freshly ground black pepper""}",4,256,59,1,5,4,149,23,415,"{Low-Fat,Vegetarian,Peanut-Free,Tree-Nut-Free,Alcohol-Free}"
46,Micro Veggie Cream Cheese,https://www.edamam.com/web-img/a26/a2629783a2f0bf7027d6f178b6efe7a9.jpg,http://kblog.lunchboxbunch.com/2009/08/micro-veggie-cream-cheese.html,http://www.edamam.com/recipe/micro-veggie-cream-cheese-d3a7243e9ef06ac42b8bd78ce4f325f9/cheese,"{""1 cup vegan cream cheese"",""6 radishes"",""1 1/2 cups arugula"",""1 cup organic baby carrots"",""pepper to taste""}",4,190,9,4,5,18,145,16,265,"{Low-Carb,Sugar-Conscious,Vegan,Vegetarian,Peanut-Free,Tree-Nut-Free,Alcohol-Free,Tree-Nuts,Soy}"
47,Smoky Cheese Sauce,https://www.edamam.com/web-img/216/216cd89f1170a0bd2c737383e023d5d1.jpg,http://www.katheats.com/accessorize,http://www.edamam.com/recipe/smoky-cheese-sauce-2df8c84ea4402cd2146ca24fc4349984/cheese,"{""~1/2 cup nutritional yeast (link to Emily’s description of it!)"",""~1/3 cup milk"",""1/2 tsp kosher salt"",""2 pinches smoked paprika"",""2 dashes Worcestershire sauce"",""3 dashes Liquid Smoke (my new favorite ingredient)"",""1 big pinch cayenne pepper""}",2,206,22,33,16,3,67,36,248,"{High-Protein,Low-Fat,Vegetarian,Peanut-Free,Tree-Nut-Free,Alcohol-Free}"
48,Pear Cheese or Pear Jelly appetizer Recipe,https://www.edamam.com/web-img/603/60327669075d54b1dd4d37eec354a6c4.jpg,http://www.grouprecipes.com/81097/pear-cheese-or-pear-jelly-appetizer.html,http://www.edamam.com/recipe/pear-cheese-or-pear-jelly-appetizer-recipe-d1253b8214e3a4dbb7f7d991489c213d/cheese,"{""6 or 7 medium pears (enough to make 3 cups puree)"",""2 1/2 cups caster or superfine sugar"",""7 ounces water"",""Juice of 1/2 lemon"",""4 tablespoons liquid pectin (optional)""}",8,316,82,1,5,0,174,18,3,"{Low-Fat,Vegan,Vegetarian,Peanut-Free,Tree-Nut-Free,Alcohol-Free}"
49,Blueberry Sorbet,https://www.edamam.com/web-img/869/8696ef6c9f42b0383814cc3e38c88f60.jpg,http://simplyrecipes.com/recipes/blueberry_sorbet/,http://www.edamam.com/recipe/blueberry-sorbet-5cc0bb4863fd2ab14f7d076484bb6261/blueberry,"{""5 cups fresh or frozen blueberries, rinsed, stems removed and discarded"",""1/4 cup sugar"",""1/4 cup honey"",""1 teaspoon lemon zest"",""1 Tbsp lemon juice"",""Pinch salt"",""Fresh blueberries and sprigs of mint for garnish""}",4,219,57,1,5,1,158,23,76,"{Low-Fat,Vegetarian,Peanut-Free,Tree-Nut-Free,Alcohol-Free}"
50,Four-Berry Salad recipes,https://www.edamam.com/web-img/e22/e22e4c0e8c75042479c038b6467b0c24,http://www.marthastewart.com/340279/four-berry-salad,http://www.edamam.com/recipe/four-berry-salad-recipes-e7bab6c50e6c3215bc9b0688206ac8a9/strawberry,"{""1 tablespoon balsamic vinegar"",""2 teaspoons light-brown sugar"",""1 1/2 cups strawberries, hulled and halved, or quartered if large"",""1 cup blueberries"",""3/4 cup raspberries"",""1/2 cup blackberries"",""2 tablespoons small mint leaves"",""1/4 cup toasted walnuts or pecans, coarsely chopped (optional)""}",4,69,17,1,5,1,196,31,3,"{Low-Fat,Vegan,Vegetarian,Peanut-Free,Alcohol-Free}"
51,Frozen Raspberry Mousse,https://www.edamam.com/web-img/781/7814ffc38e741670b139c77ab1c304b6.jpg,http://www.eatingwell.com/recipes/frozen_raspberry_mousse.html,http://www.edamam.com/recipe/frozen-raspberry-mousse-e246a1940edd83f2c7c00df25783eee4/strawberry,"{""6 cups fresh raspberries, or two 12-ounce packages unsweetened frozen raspberries, thawed"",""2 tablespoons orange juice"",""8 teaspoons dried egg whites, (see Ingredient notes), reconstituted in 1/2 cup warm water according to package directions (equivalent to 4 egg whites)"",""1/3 cup whipping cream"",""1/4 cup confectioners' sugar, or"",""1 teaspoon unflavored gelatin"",""2 cups fresh raspberries, blueberries, blackberries and/or strawberries for garnish"",""2/3 cup sugar"",""Mint sprigs, for garnish""}",8,165,34,2,7,4,176,37,5,{}
52,Pom-Berry-Banana Smoothie recipes,https://www.edamam.com/web-img/153/153e15cbb992f38a22bd53ffebceb3d5,http://www.marthastewart.com/335201/pom-berry-banana-smoothie,http://www.edamam.com/recipe/pom-berry-banana-smoothie-recipes-1828dcbd7fe3fdf330fe81f53793c916/banana,"{""1 orange, peel and pith removed with a sharp knife, quartered"",""1 cup frozen mixed berries"",""1 ripe banana, cut into thirds"",""1 cup 100 percent pomegranate juice""}",2,192,48,2,5,1,649,44,13,"{Low-Fat,Vegan,Vegetarian,Peanut-Free,Tree-Nut-Free,Alcohol-Free}"
53,From the Blender: Mellow Cranberry Smoothie Recipe,https://www.edamam.com/web-img/c47/c47460befb55cb01d214068084cc2526.jpg,http://www.seriouseats.com/recipes/2011/11/from-the-blender-mellow-healthy-cranberry-smoothie-recipe.html,http://www.edamam.com/recipe/from-the-blender-mellow-cranberry-smoothie-recipe-dba0113ec325610faf1dee9e34b3168a/banana,"{""1/2 cup frozen cranberries"",""1 medium frozen banana, peeled and sliced"",""2 clementines, peeled, seeded, and broken into sections"",""2 Medjool dates, pitted (or substitute 2 tablespoons sweetener of your choice)"",""1/2 cup cranberry juice (or water)"",""1/4 teaspoon vanilla extract"",""1/4 teaspoon ground cinnamon"",""1/2 cup ice"",""Splash of sparkling water, optional""}",2,203,53,2,6,0,544,48,6,"{Low-Fat,Vegan,Vegetarian,Peanut-Free,Tree-Nut-Free,Alcohol-Free}"
54,Grilled fruit skewers,https://www.edamam.com/web-img/45d/45d2f141c56b735973004a138214eb2b.jpg,http://lacucinaitalianamagazine.com/recipe/spiedini_alla_frutta,http://www.edamam.com/recipe/grilled-fruit-skewers-0f29f0559f19d9334477c5a4ea549f92/banana+fruit,"{""2 golden delicious or gala apples, cored and cut into 8 wedges"",""2 bananas, peeled and cut crosswise into 8 pieces"",""2 ripe but fairly firm peaches, pitted and cut into 8 wedges"",""⅓ ripe pineapple, peeled, cored, and cut into 1-inch pieces"",""½ lemon"",""24 fresh mint leaves"",Sugar}",4,184,46,2,6,1,535,44,3,"{Low-Fat,Vegan,Vegetarian,Peanut-Free,Tree-Nut-Free,Alcohol-Free}"
55,Macédoine of fruit,https://www.edamam.com/web-img/413/413afd80d1da7edc3d8d7eb5c49a90cd.jpg,https://food52.com/recipes/8814-macedoine-of-fruit,http://www.edamam.com/recipe/mac%C3%A9doine-of-fruit-6d624326020615ba3c23859e9c79c336/banana+fruit,"{""1 apple, chopped"",""2 cups of pineapple, chopped"",""2 peaches, chopped"",""2 bananas, chopped"",""1 pear, chopped"",""4 figs, chopped"",""4 tablespoons of sugar"",""1 teaspoon of orange zest"",""1 teaspoon lemon zest"",""1 tablespoon kirsch (kirschwasser)"",""1 tablespoon maraschino cheery juice"",""1 tablespoon blue curacao""}",6,196,47,2,5,1,446,36,2,"{Low-Fat,Vegan,Vegetarian,Peanut-Free,Tree-Nut-Free}"
56,Baked apples,https://www.edamam.com/web-img/5fb/5fbc056a7e78c64b31ba1801eb7fe171.jpg,http://www.bbc.co.uk/food/recipes/bakedapples_84332,http://www.edamam.com/recipe/baked-apples-ec7c2f9c3da5d245dbee9e7f43e719d8/banana+fruit,"{""80g/3oz mixed dried exotic fruit, (such as mango, papaya, banana, fig, golden raisins), chopped"",""55ml/2fl oz brandy"",""30g/1oz soft light brown sugar"",""½ tsp allspice"",""100g/3½oz butter, plus extra for spreading"",""6 eating apples, cored"",""200g/7oz greek yoghurt, to serve""}",6,323,42,4,5,16,307,40,22,"{Vegetarian,Peanut-Free,Tree-Nut-Free}"
57,Hot Fruit Salad,https://www.edamam.com/web-img/cb1/cb1c0c47a690d6aea58ab83b69dd0bb8.jpg,http://www.goodhousekeeping.com/food-recipes/a4536/hot-fruit-salad-719/,http://www.edamam.com/recipe/hot-fruit-salad-45bb60be76880c35f078d2f610b19614/banana+fruit,"{""½ c. honey"",""1 tbsp. fresh lemon juice"",""¼ c. fresh mint leaves"",""1 medium pineapple"",""2 large bananas"",""3 medium plums"",""2 medium nectarines or peaches""}",6,240,63,2,5,1,508,43,4,"{Low-Fat,Vegetarian,Peanut-Free,Tree-Nut-Free,Alcohol-Free}"
58,Raspberry Rose Jam Recipe,https://www.edamam.com/web-img/fe4/fe4df1349807fade079d93a383b43204.jpg,http://www.seriouseats.com/recipes/2013/07/raspberry-rose-jam-recipe.html,http://www.edamam.com/recipe/raspberry-rose-jam-recipe-b1fca8220dcc584bd84c744a95d0a8d3/fruit,"{""1/4 cup Chinese rose tea"",""3 cups granulated sugar"",""2 pints of raspberries (about 4 cups, 1 ½ pounds), gently washed"",""2 tablespoons juice from 1 lemon""}",8,336,85,1,6,1,137,25,2,"{Low-Fat,Vegan,Vegetarian,Peanut-Free,Tree-Nut-Free}"
59,Easy Vanilla Almond Milk Chia Seed Pudding,https://www.edamam.com/web-img/87f/87f6e4e359461a79d4a96ae6feeadad9.png,http://www.foodista.com/recipe/Q8DJWTHG/chia-seed-pudding,http://www.edamam.com/recipe/easy-vanilla-almond-milk-chia-seed-pudding-7f8190fc096014fefac4feb34c75aa16/milk,"{""1 1/2 cups (355 ml) almond milk (or your favorite flavored milk)"",""1/4 cup black chia seeds"",""1 teaspoon vanilla bean powder (or vanilla extract)"",""1 tablespoon raw agave syrup"",""A pinch of salt"",""Garnish: Raspberries (or your favorite berry)""}",3,128,12,4,8,7,160,216,185,"{Sugar-Conscious,Vegetarian,Peanut-Free,Alcohol-Free}"
60,Sautéed Peas with Coconut Milk and Cilantro,https://www.edamam.com/web-img/6f5/6f503c7e036d1f6ed9682d031c10370a.jpg,https://www.cooksillustrated.com/recipes/4967-sauteed-peas-with-coconut-milk-and-cilantro,http://www.edamam.com/recipe/saut%C3%A9ed-peas-with-coconut-milk-and-cilantro-f487ab889910341b19e65300c39ae65a/milk,"{""2teaspoons olive oil"",""2tablespoons grated fresh ginger"",""1medium garlic clove , minced or pressed through a garlic press (about 1 teaspoon)"",""1pound frozen baby peas (3 cups) (see note)"",""1/4cup coconut milk"",""1/4teaspoon sugar"",""1/4cup minced fresh cilantro leaves"",""1tablespoon unsalted butter"",""2teaspoons juice from 1 lime"",""Table salt and ground black pepper""}",4,169,17,6,7,9,200,106,370,"{Vegetarian,Peanut-Free,Tree-Nut-Free,Alcohol-Free,Tree-Nuts}"
61,Coco-Ginger-Hazelnut Oatmeal,https://www.edamam.com/web-img/3af/3af37db583764527d589941ede3794f4.jpg,https://food52.com/recipes/15399-coco-ginger-hazelnut-oatmeal,http://www.edamam.com/recipe/coco-ginger-hazelnut-oatmeal-65191edc5665e11b8de53c7c56c8ef1b/milk,"{""1/4 cup hazelnuts"",""1 cup rolled oats"",""2 cups water"",""1 teaspoon grated fresh ginger root"",""2 tablespoons chia seeds"",""1-2 tablespoon maple syrup"",""1/4 cup almond milk or light coconut milk""}",4,178,23,5,5,9,181,175,18,"{Balanced,Vegan,Vegetarian,Peanut-Free,Alcohol-Free}"
62,Mango-Raspberry Vegan Shake recipes,https://www.edamam.com/web-img/e3a/e3a80ff89e26c7d23eb99880492374ac,http://www.chowhound.com/recipes/mango-raspberry-vegan-shake-26150,http://www.edamam.com/recipe/mango-raspberry-vegan-shake-recipes-1b138169066d271c7518994a8d2564e7/milk,"{""1 pint mango sorbet"",""1/2 cup soy milk"",""1/2 cup fresh raspberries"",""1/4 cup toasted, sweetened coconut flakes""}",2,395,82,3,6,8,176,62,47,"{Vegan,Vegetarian,Peanut-Free,Tree-Nut-Free,Alcohol-Free,Gluten,Wheat,Tree-Nuts}"
63,Butternut Squash And Coconut Milk Rice,https://www.edamam.com/web-img/e39/e3921eabdb79d7b5672afd090a6a2656.jpg,http://www.tarteletteblog.com/2010/12/recipe-gluten-free-butternut-squash-and.html,http://www.edamam.com/recipe/butternut-squash-and-coconut-milk-rice-2acfeb80f14ff35832d025ff30832a69/milk,"{""1 1/4 cups vegetable broth or water"",""1 cup light coconut milk"",""1 cup short grained or basmati rice"",""1 teaspoon olive oil"",""1 cup finely chopped onion"",""2 stalks lemongrass, finely chopped"",""1 3/4 cups cubed peeled butternut squash"",""1 teaspoon chopped fresh (or 1/4 teaspoon dried) thyme"",""salt & pepper"",""1 1/2 cups cooked black beans (if using canned, drain & rinse them first)"",""zest and juice of one lime""}",6,246,46,7,6,4,434,126,570,"{Low-Fat,Sugar-Conscious,Vegan,Vegetarian,Peanut-Free,Alcohol-Free}"
64,Dinner Tonight: Curried Red Lentils with Coconut Milk Recipe,https://www.edamam.com/web-img/b67/b673d958773b561256cc00bea7b581a4.jpg,http://www.seriouseats.com/recipes/2008/11/dinner-tonight-curried-red-lentils-with-cocon.html,http://www.edamam.com/recipe/dinner-tonight-curried-red-lentils-with-coconut-milk-recipe-1d34cc028d9fffabd2d72a4e4e645c61/milk,"{""1 cup red lentils"",""2 cups vegetable stock"",""1/2 teaspoon turmeric"",""2 ounces ghee or butter"",""1 onion, finely chopped"",""2 cloves garlic, finely chopped"",""1 green chili, seeded and finely chopped"",""2 teaspoons ground cumin"",""2 teaspoons ground coriander seed"",""2 tomatoes, seeded and chopped"",""1/2 cup coconut milk"",""1 cup basmati rice, cooked, or naan bread""}",4,439,51,15,7,21,681,222,33,"{Balanced,Vegetarian,Peanut-Free,Tree-Nut-Free,Alcohol-Free,Tree-Nuts}"
65,Chicken-Fried Steak with Spiced Milk Gravy,https://www.edamam.com/web-img/127/127d75ab4110c8b6481b5c83b35c1eda.jpg,http://www.cookingchanneltv.com/recipes/kelsey-nixon/chicken-fried-steak-with-spiced-milk-gravy-2124840,http://www.edamam.com/recipe/chicken-fried-steak-with-spiced-milk-gravy-ae302cc63f82291416051ea434fc7bdf/milk,"{""Eight 4-ounce 1/4-inch-thick eye of round steaks, needled or pounded and tenderized"",""1 cup buttermilk"",""3 tablespoons butter"",""3 tablespoons all-purpose flour"",""1 cup low-sodium chicken broth"",""1 cup whole milk"",""1 tablespoon worcestershire sauce"",""2 teaspoons smashed brined peppercorns"",""1 teaspoon brining liquid from the peppercorns"",""2 dashes hot sauce"",""Kosher salt"",""1 1/2 cups all-purpose flour"",""1 tablespoon kosher salt"",""2 teaspoons freshly cracked black pepper"",""2 teaspoons garlic powder"",""1 teaspoon baking soda"",""1 teaspoon cayenne pepper"",""1 teaspoon onion powder"",""Vegetable oil, for frying""}",4,1307,52,60,3,95,1150,664,1274,"{Low-Carb,Peanut-Free,Tree-Nut-Free,Alcohol-Free,Gluten,Wheat}"
66,Kale and Olive Oil Mashed Potato Recipe,https://www.edamam.com/web-img/f62/f620e86fb8628d638492a3406fb0fc56.jpg,http://www.101cookbooks.com/archives/001566.html,http://www.edamam.com/recipe/kale-and-olive-oil-mashed-potato-recipe-0584cb7982dadcbd44a12bbc10e215dc/milk,"{""3 pounds potatoes, peeled and cut into large chunks"",""sea salt"",""4 tablespoons extra virgin olive oil"",""4 cloves garlic, minced"",""1 bunch kale, large stems stripped and discarded, leaves chopped"",""1/2+ cup warm milk or cream"",""freshly ground black pepper"",""5 scallions, white and tender green parts, chopped"",""1/4 cup freshly grated Parmesan, for garnish (opt)"",""fried shallots, for garnish (optional)""}",6,305,47,8,7,11,1229,203,757,"{Balanced,Vegetarian,Peanut-Free,Tree-Nut-Free,Alcohol-Free}"
67,Mary's Maple & Orange Glazed Chicken,https://www.edamam.com/web-img/db1/db108bdcd65d11b520240923c8a5f8a5.jpg,http://www.bbcgoodfood.com/recipes/2374/marys-maple-and-orange-glazed-chicken,http://www.edamam.com/recipe/mary-s-maple-orange-glazed-chicken-37c669f7294a887b49629530060a7ce7/chicken,"{""Grated zest of 1 orange"",""Fresh boneless skinless chicken breasts 4 boneless skinless chicken breasts , about 500g/1lb 2oz total weight"",""1 tbsp soy sauce"",""1 tbsp wholegrain mustard"",""3 tbsp maple syrup""}",4,76,14,4,1,1,162,46,269,"{Low-Fat,Peanut-Free,Tree-Nut-Free,Alcohol-Free}"
68,Sous Vide Chicken Breast Recipe,https://www.edamam.com/web-img/e3d/e3d9d9a141a06d0c6adfb4e49b1224a5.jpg,http://www.seriouseats.com/recipes/2015/07/sous-vide-chicken-breast-recipe.html,http://www.edamam.com/recipe/sous-vide-chicken-breast-recipe-f6fa738e5eee260004693a9fae610bb2/chicken,"{""2 bone-in, skin-on chicken breast halves"",""Kosher salt and freshly ground black pepper"",""4 sprigs thyme or rosemary (optional)""}",2,150,0,18,0,8,195,152,203,"{Low-Carb,Sugar-Conscious,Peanut-Free,Tree-Nut-Free,Alcohol-Free}"
69,Mango Yogurt,https://www.edamam.com/web-img/ec6/ec661dd45508ca672f6c5630f1624859.jpg,http://www.self.com/challenge/2011/nutrition/recipe/breakfasts/mango-yogurt,http://www.edamam.com/recipe/mango-yogurt-75ceb4d5b0ce39dc43614c7da4a1413d/yogurt,"{""1 cup nonfat plain yogurt mixed"",""1/2 cup cooked wheat berries"",""1/2 cup mango cubes"",""1 tsp honey""}",2,147,28,9,2,1,399,229,96,"{Low-Fat,Vegetarian,Peanut-Free,Tree-Nut-Free,Alcohol-Free}"
70,Vanilla Pudding Raspberry Napoleon,https://www.edamam.com/web-img/bad/bad7fd09c653f390cfb111c1f16ef0ce.jpeg,http://www.foodnetwork.com/recipes/sandra-lee/vanilla-pudding-raspberry-napoleon-recipe-1924380,http://www.edamam.com/recipe/vanilla-pudding-raspberry-napoleon-2848804fc7a8e3818da780c0b4fd3118/pudding,"{""2 tablespoons honey"",""2 tablespoons raspberry fruit spread"",""1 teaspoon vanilla extract, divided"",""1 pint fresh raspberries (reserve 4 raspberries for garnish)"",""3 (3.75-ounce) sugar-free prepared vanilla pudding cups"",""2 (3.5-ounce) boxes butter crisp wafer cookies (recommended: Jules Destrooper)""}",4,527,61,2,1,10,186,39,163,"{Vegetarian,Peanut-Free,Tree-Nut-Free,Alcohol-Free}"
71,Maple Pudding Cake (Pudding Chômeur) recipes,https://www.edamam.com/web-img/c0a/c0a23e2726fcf62250603295904a72eb,http://smittenkitchen.com/2015/04/maple-pudding-cake-pudding-chomeur/,http://www.edamam.com/recipe/maple-pudding-cake-pudding-cho-meur-recipes-afa8971515645d109a5d39fa5fceda4d/pudding,"{""3/4 cup (175 ml) pure maple syrup"",""1/3 cup (80 ml) heavy cream"",""1 1/2 teaspoons apple cider vinegar"",""A couple pinches of sea salt"",""6 tablespoons (3 ounces or 85 grams) unsalted butter, softened"",""2 tablespoons (25 grams) granulated sugar"",""1 large egg"",""1/2 teaspoon vanilla extract"",""1 cup (125 grams) all-purpose flour"",""1 teaspoon baking powder"",""1/4 teaspoon fine sea or table salt"",""crème fraîche"",""sea salt""}",72,21,4,0,0,1,11,10,17,"{Vegetarian,Peanut-Free,Tree-Nut-Free,Alcohol-Free}"
72,Grilled Eggplant,https://www.edamam.com/web-img/ed6/ed666347ee6b15747912d8c80bd842ba.jpg,http://www.finecooking.com/recipes/grilled-eggplant.aspx,http://www.edamam.com/recipe/grilled-eggplant-85c5a35917c2fe2b116ae866bfe8df24/eggplant,"{""3 Tbs. extra-virgin olive oil; more as needed"",""Kosher salt"",""1 large globe eggplant (about 1 lb.), trimmed and cut into 1/2-inch-thick rounds""}",4,112,5,1,3,10,211,22,287,"{Low-Carb,Sugar-Conscious,Vegan,Vegetarian,Peanut-Free,Tree-Nut-Free,Alcohol-Free}"
73,Devilish Egg recipes,https://www.edamam.com/web-img/871/871dbcafde8035d31833bc8f24c4324c,http://www.eatingwell.com/recipe/250195/devilish-egg/,http://www.edamam.com/recipe/devilish-egg-recipes-4ccfd2aaf066db8175b2882c64b28520/egg,"{""1 teaspoon low-fat mayonnaise"",""1/4 teaspoon whole-grain mustard"",""Pinch of salt"",""Pinch of freshly ground pepper"",""1 large hard-boiled egg (see Tip), peeled""}",4,35,0,2,0,3,17,22,35,"{Low-Carb,Sugar-Conscious,Vegetarian,Peanut-Free,Tree-Nut-Free,Alcohol-Free}"
74,Egg White Omelet,https://www.edamam.com/web-img/efa/efa827d4c1a20a3f25ba82090780eec6.jpg,http://www.marthastewart.com/335255/egg-white-omelet,http://www.edamam.com/recipe/egg-white-omelet-1610dc708fa7bcfef4053d29bef6457a/egg,"{""1 teaspoon butter or olive oil"",""4 large egg whites"",""1/2 teaspoon coarse salt"",""Chopped herbs such as parsley, chives, and chervil (optional)"",""Cooked spinach chopped (optional)"",""Freshly grated cheese such as Parmesan, ricotta salata, or manchego (optional)""}",1,108,1,14,0,5,215,20,317,"{High-Protein,Low-Carb,Sugar-Conscious,Vegetarian,Peanut-Free,Tree-Nut-Free,Alcohol-Free}"
75,Cheesy Baked Vegan Cauliflower,https://www.edamam.com/web-img/914/914614c50c86f52153f3835724012ede.jpg,http://wondermomwannabe.com/cheesy-baked-vegan-cauliflower/,http://www.edamam.com/recipe/cheesy-baked-vegan-cauliflower-6bc0360a0aef127b3cd8143e8ea32d51/cauliflower,"{""* 1 head cauliflower"",""* 3 tablespoon olive oil"",""* 1/2 cup nutritional yeast"",""* salt and pepper""}",6,143,11,12,7,8,273,40,275,"{Low-Carb,Sugar-Conscious,Vegan,Vegetarian,Peanut-Free,Tree-Nut-Free,Alcohol-Free}"
76,Incredible Mashed Cauliflower recipes,https://www.edamam.com/web-img/9d6/9d633cb8633df6c849d484fb35b510d5,http://kelliesfoodtoglow.com/2015/12/14/incredible-cauliflower-mash-recipe/,http://www.edamam.com/recipe/incredible-mashed-cauliflower-recipes-26c224c93c5bd5068172c0b13c37f1ca/cauliflower,"{""1 medium-large cauliflower (about 800g), cut up into large bite-sized pieces (include the stem – it’s even tastier than the florets – true)"",""75g (2.6 oz) mild creamy goat’s cheese OR cashew cheese with pinch of nutritional yeast and squeeze of lemon added OR vegan cream cheese (beware of weird ingredients if bought stuff)"",""75g (2.6 oz) mild creamy goat’s cheese OR cashew cheese with pinch of nutritional yeast and squeeze of lemon added OR vegan cream cheese (beware of weird ingredients if bought stuff)"",""1 & 1/2 tbsp organic goat’s butter, cow’s butter OR vegan butter + extra for serving (you could also use olive oil)"",""1/4 tsp white pepper, more to taste"",salt}",4,125,16,20,11,1,233,35,553,"{High-Protein,Low-Fat,Sugar-Conscious,Peanut-Free,Alcohol-Free}"
77,Cauli-Vegan Cheesy Sauce,https://www.edamam.com/web-img/fd6/fd6cb6d3dc4b97c4e37a242919dbc08f.jpg,http://www.wholetarian.com/cauli-vegan-cheesy-sauce,http://www.edamam.com/recipe/cauli-vegan-cheesy-sauce-0f013260e45b5364dd9a0496135febd1/cauliflower,"{""* 2 cup steamed cauliflower"",""* 1/4 large orange bell pepper"",""* 1/2 cup nut milk of choice"",""* 1/4 cup nutritional yeast"",""* 1 tsp lemon juice (thi might have been 2 tsp)"",""* 2 tbsp olive oil"",""* 1/2 tsp sea salt or to taste"",""* pepper to taste""}",4,127,9,9,6,8,208,40,275,"{Low-Carb,Sugar-Conscious,Vegan,Vegetarian,Peanut-Free,Alcohol-Free}"
78,Spaghetti Squash Alfredo (Vegan+Gluten Fre,https://www.edamam.com/web-img/0c9/0c95b142581ac0fddcf25ddf3587b739.jpg,http://www.lepetiteats.com/spaghetti-squash-alfredo-vegangluten-free/,http://www.edamam.com/recipe/spaghetti-squash-alfredo-vegan-gluten-fre-efe19d3ffaa0526f50105098c55adc0c/cauliflower,"{""* 1 large spaghetti squash, halved and seed removed"",""* 2 clove garlic, minced and divided"",""* 1 tablespoon plus 2 tsp olive oil"",""* 2 cup cauliflower floret, chopped into large piece"",""* 1/4 cup almond milk"",""* 2 tablespoon nutritional yeast"",""* 1/2 tablespoon lemon juice"",""* 1/2 teaspoon garlic powder"",""* 1/4 teaspoon freshly grated nutmeg"",""* 1 tablespoon earth balance or vegan butter substitute"",""* salt, to taste"",""* 1 tablespoon fresh parsley, chopped""}",4,157,15,6,5,10,325,50,504,"{Vegan,Vegetarian,Peanut-Free,Alcohol-Free}"
79,Mediterranean Veggie Burgers recipes,https://www.edamam.com/web-img/c29/c2944e046b5623bcaee3190023666404,http://www.wholefoodsmarket.com/recipe/mediterranean-veggie-burgers,http://www.edamam.com/recipe/mediterranean-veggie-burgers-recipes-5826c49da7e83b3ff1719671776d022e/garbanzo,"{""1 cup peeled and diced potato (from an 8-ounce russet potato)"",""2/3 cup cooked garbanzo beans (also known as chickpeas), coarsely mashed"",""1/2 cup finely chopped kale"",""1/3 cup quick-cooking oats"",""1/3 cup finely diced roasted red bell pepper"",""1/4 cup pitted Kalamata olives, sliced"",""3 tablespoons finely chopped parsley"",""1 tablespoon onion granules"",""1/4 teaspoon ground black pepper""}",4,143,25,6,5,3,375,148,129,"{Sugar-Conscious,Vegan,Vegetarian,Peanut-Free,Tree-Nut-Free,Alcohol-Free,Gluten,Wheat}"
80,Fresh and Light Garbanzo Salad,https://www.edamam.com/web-img/5eb/5eb1a9d18b6102b5d8c9bbd568355082.jpg,http://www.geniuskitchen.com/recipe/fresh-and-light-garbanzo-salad-66063,http://www.edamam.com/recipe/fresh-and-light-garbanzo-salad-63a83015fb42c2acc44da70ce05ef601/garbanzo,"{""1 1⁄3 cups water"",""2⁄3 cup uncooked couscous"",""1 (15 ounce) can garbanzo beans, rinsed and drained"",""1  tomatoes, diced"",""1  cucumber, peeled and diced"",""1⁄2 small purple onion, diced"",""2  tablespoons fresh minced parsley"",""1⁄4 cup red wine vinegar or 1⁄4 cup white wine vinegar"",""1  tablespoon olive oil"",""1  teaspoon oregano"",""black pepper""}",8,157,27,6,5,3,199,84,118,"{Sugar-Conscious,Vegan,Vegetarian,Peanut-Free,Tree-Nut-Free,Alcohol-Free}"
81,Tuscan Garbanzo Bell Pepper Soup,https://www.edamam.com/web-img/e66/e66653d6935c8a347be5b744454029c6.jpg,http://www.babyboomster.com/tuscan-garbanzo-bell-pepper-soup/,http://www.edamam.com/recipe/tuscan-garbanzo-bell-pepper-soup-cfa8fd79aa634c029ffc9a498876f37a/garbanzo,"{""* 6 tbsp olive oil"",""* 1 red onion finely chopped"",""* 1 red and 1 green bell pepper cored, seeded and sliced"",""* 1 carrot finely chopped"",""* 2 large potato peeled and cubed"",""* 1 28 oz can whole italian tomato coarsely chopped"",""* 3 clove of garlic chopped"",""* 1, 15 oz can garbanzo bean"",""* 2 bay leaf"",""* 1 tsp dried thyme or 1 tbsp fresh chopped thyme"",""* 4 slice of smoked bacon or fried bacon chopped (optional)""}",8,196,24,3,5,11,661,85,134,"{Peanut-Free,Tree-Nut-Free,Alcohol-Free}"
82,Mung Bean Socca,https://www.edamam.com/web-img/b79/b79645ba909de59c6b8520f946b3d461.jpg,http://www.pure2raw.com/2011/02/great-source-for-protein-for-raw-vegans-mung-beans/,http://www.edamam.com/recipe/mung-bean-socca-ec95c14e2df99765e3e79d9fb204de72/garbanzo,"{""1 1/4 cups water"",""1/2 cup sprouted mung beans"",""1/2 cup garbanzo bean flour"",""2 pinches sea salt"",""1 tsp chili powder""}",4,136,23,9,6,1,433,134,92,"{Low-Fat,Sugar-Conscious,Vegan,Vegetarian,Peanut-Free,Tree-Nut-Free,Alcohol-Free}"
83,Avocado Lime Hummus,https://www.edamam.com/web-img/004/0040680b1bf3ce455cbe989db06d4c1d.jpg,http://allrecipes.com/recipe/232631/avocado-lime-hummus/,http://www.edamam.com/recipe/avocado-lime-hummus-b73e804230d3618bbc8ae70ed32184c7/garbanzo,"{""2 cups cooked garbanzo beans"",""1 avocado, peeled and pitted"",""1/4 cup water"",""1/4 cup sesame seeds"",""1 lime, zested and juiced"",""2 tablespoons olive oil"",""2 tablespoons chopped fresh rosemary""}",8,166,15,5,6,10,274,112,103,"{Sugar-Conscious,Vegan,Vegetarian,Peanut-Free,Tree-Nut-Free,Alcohol-Free}"
84,Kale and Cabbage Salad with Paleo Avocado,https://www.edamam.com/web-img/044/0449cff68b95667213d0389e640b32b8.jpg,http://thepaleofix.com/recipe/kale-salad-paleo-avocado-dressing/,http://www.edamam.com/recipe/kale-and-cabbage-salad-with-paleo-avocado-267136dddb3a1ae5e2ee78f7c6287191/avocado,"{""* 1 bunch lacinto kale, ribboned"",""* 1/2 red cabbage, thinly sliced"",""* 1/2 bunch cilantro, chopped"",""* 1 jalapeno, diced"",""* 1 leek, sliced""}",2,83,16,5,5,1,657,116,53,"{Low-Fat,Vegan,Vegetarian,Peanut-Free,Tree-Nut-Free,Alcohol-Free}"
85,Roasted Sweet Potato Hash with Avocado Yog,https://www.edamam.com/web-img/dc6/dc6a4024f7b74a13895f4bc7600fdb9d.jpg,http://theveglife.com/roasted-sweet-potato-hash/,http://www.edamam.com/recipe/roasted-sweet-potato-hash-with-avocado-yog-f63226df3269843b1c61c1e8c331185f/avocado,"{""* 1 c brussel sprout steamed and halved"",""* for the potato:"",""* 1-2 tsp oil such a coconut, olive, vegetable or canola"",""* 1 large sweet potato, roasted until fork tender"",""* 1 medium potato such a yukon gold or russet,, roasted""}",2,177,39,5,7,1,900,131,62,"{Low-Fat,Vegan,Vegetarian,Peanut-Free,Tree-Nut-Free,Alcohol-Free,Tree-Nuts}"
86,Nacho Cheese Dip,https://www.edamam.com/web-img/ef6/ef6e9401340f5ef7c6322469d4214436.jpg,http://www.foodista.com/recipe/63V5YMTH/nacho-cheese-dip,http://www.edamam.com/recipe/nacho-cheese-dip-8b1ebd70b1e61ed3fc810b48dfe21123/taco,"{""1 pound Velveeta cheese with Jalapeno peppers"",""1 can chili, without beans"",""2 tablespoons taco sauce""}",1,154,34,5,13,2,1270,137,118,"{Low-Fat,Vegetarian,Peanut-Free,Tree-Nut-Free,Alcohol-Free}"
87,Chickpeas Taco Meat,https://www.edamam.com/web-img/644/644dcbc8fbeb54eabe1d564f21a2301b.jpg,http://www.hungryhungryhippie.com/back-in-the-bay/,http://www.edamam.com/recipe/chickpeas-taco-meat-2508eccd2480d729d4dcf0f3f563bdc7/taco,"{""1 cup chickpeas"",""1 tsp cumin"",""1/2 tsp paprika"",""1 tbsp lime juice"",""dash of salt"",""1/4 cup diced tomatoes""}",4,195,33,11,7,3,408,133,69,"{Low-Fat,Vegan,Vegetarian,Peanut-Free,Tree-Nut-Free,Alcohol-Free}"
88,Grilled Shrimp Tacos,https://www.edamam.com/web-img/ab8/ab8cf7becb9a7385c0344a0bf336743a.jpg,http://www.nutritionistinthekitch.com/2012/08/13/grilled-shrimp-tacos/,http://www.edamam.com/recipe/grilled-shrimp-tacos-bc067c8d54c7d5bf410c6a56f0d369fb/taco,"{""* 3/4 cup black bean"",""* 1/2 teaspoon ground cumin"",""* 1/2 teaspoon ground cayenne"",""* pinch of chili flake"",""* 1/2 lime"",""* 1 tablespoon cilantro, chopped finely""}",4,128,24,8,6,1,561,132,3,"{Low-Fat,Sugar-Conscious,Vegan,Vegetarian,Peanut-Free,Tree-Nut-Free,Alcohol-Free}"
89,Brussels Sprouts Tacos with Mexican Slaw,https://www.edamam.com/web-img/254/25400ffa094ba6a53173e9fc21a68504.jpg,http://thenutfreevegan.net/brussels-sprouts-tacos-mexican-slaw/,http://www.edamam.com/recipe/brussels-sprouts-tacos-with-mexican-slaw-4db632a46c3fdde4168cf4bfb1186508/taco,"{""* 1/2 tsp cayenne (ground red) pepper"",""* 1/2 tsp cumin"",""* 1 tbsp agave"",""* 4 cup brussel sprout, quartered""}",2,108,24,6,7,1,696,124,45,"{Low-Fat,Vegan,Vegetarian,Peanut-Free,Tree-Nut-Free,Alcohol-Free}"
